spp_file,Alt,Year,variable,value
EBS_Pollock_2024,NA,NA,SSB_100, 5574.66
EBS_Pollock_2024,NA,NA,SSB_40, 2229.86
EBS_Pollock_2024,NA,NA,SSB_ofl, 1951.13
EBS_Pollock_2024,NA,NA,SSB_2023,2451.25
EBS_Pollock_2024,NA,NA,Mean_rec, 10734.4
EBS_Pollock_2024,NA,NA,C_abc,1606.97
EBS_Pollock_2024,NA,NA,C_ofl,1723.15
EBS_Pollock_2024,NA,NA,F_0,0 
EBS_Pollock_2024,NA,NA,F_abc,0.56322
EBS_Pollock_2024,NA,NA,F_ofl,0.736539
EBS_Pollock_2024,1,2023,C_lb,1350
EBS_Pollock_2024,1,2023,C_ub,1350
EBS_Pollock_2024,1,2023,C_median,1350
EBS_Pollock_2024,1,2023,C_mean,1350
EBS_Pollock_2024,1,2023,C_sd,1.40972e-11
EBS_Pollock_2024,1,2024,C_lb,1350
EBS_Pollock_2024,1,2024,C_ub,1350
EBS_Pollock_2024,1,2024,C_median,1350
EBS_Pollock_2024,1,2024,C_mean,1350
EBS_Pollock_2024,1,2024,C_sd,1.12224e-07
EBS_Pollock_2024,1,2025,C_lb,1090.92
EBS_Pollock_2024,1,2025,C_ub,1112.34
EBS_Pollock_2024,1,2025,C_median,1094.32
EBS_Pollock_2024,1,2025,C_mean,1096.91
EBS_Pollock_2024,1,2025,C_sd,7.82588
EBS_Pollock_2024,1,2026,C_lb,1087.64
EBS_Pollock_2024,1,2026,C_ub,1463.65
EBS_Pollock_2024,1,2026,C_median,1180.41
EBS_Pollock_2024,1,2026,C_mean,1221.89
EBS_Pollock_2024,1,2026,C_sd,124.515
EBS_Pollock_2024,1,2027,C_lb,825.632
EBS_Pollock_2024,1,2027,C_ub,2359.44
EBS_Pollock_2024,1,2027,C_median,1229.85
EBS_Pollock_2024,1,2027,C_mean,1369.84
EBS_Pollock_2024,1,2027,C_sd,529.746
EBS_Pollock_2024,1,2028,C_lb,540.721
EBS_Pollock_2024,1,2028,C_ub,3213.52
EBS_Pollock_2024,1,2028,C_median,1194.35
EBS_Pollock_2024,1,2028,C_mean,1457.83
EBS_Pollock_2024,1,2028,C_sd,937.829
EBS_Pollock_2024,1,2029,C_lb,538.949
EBS_Pollock_2024,1,2029,C_ub,3088.4
EBS_Pollock_2024,1,2029,C_median,1306.28
EBS_Pollock_2024,1,2029,C_mean,1518.3
EBS_Pollock_2024,1,2029,C_sd,982.364
EBS_Pollock_2024,1,2030,C_lb,525.207
EBS_Pollock_2024,1,2030,C_ub,3333.98
EBS_Pollock_2024,1,2030,C_median,1340.83
EBS_Pollock_2024,1,2030,C_mean,1547.35
EBS_Pollock_2024,1,2030,C_sd,928.305
EBS_Pollock_2024,1,2031,C_lb,531.605
EBS_Pollock_2024,1,2031,C_ub,3405.91
EBS_Pollock_2024,1,2031,C_median,1358.22
EBS_Pollock_2024,1,2031,C_mean,1583.45
EBS_Pollock_2024,1,2031,C_sd,980.846
EBS_Pollock_2024,1,2032,C_lb,538.683
EBS_Pollock_2024,1,2032,C_ub,3499.29
EBS_Pollock_2024,1,2032,C_median,1330.98
EBS_Pollock_2024,1,2032,C_mean,1588.88
EBS_Pollock_2024,1,2032,C_sd,1039.61
EBS_Pollock_2024,1,2033,C_lb,538.927
EBS_Pollock_2024,1,2033,C_ub,3398.9
EBS_Pollock_2024,1,2033,C_median,1362.39
EBS_Pollock_2024,1,2033,C_mean,1564.67
EBS_Pollock_2024,1,2033,C_sd,973.138
EBS_Pollock_2024,1,2034,C_lb,536.434
EBS_Pollock_2024,1,2034,C_ub,3340.99
EBS_Pollock_2024,1,2034,C_median,1321.5
EBS_Pollock_2024,1,2034,C_mean,1567.1
EBS_Pollock_2024,1,2034,C_sd,947.022
EBS_Pollock_2024,1,2035,C_lb,538.481
EBS_Pollock_2024,1,2035,C_ub,3303.17
EBS_Pollock_2024,1,2035,C_median,1337.85
EBS_Pollock_2024,1,2035,C_mean,1530.41
EBS_Pollock_2024,1,2035,C_sd,930.858
EBS_Pollock_2024,1,2036,C_lb,552.927
EBS_Pollock_2024,1,2036,C_ub,3370.69
EBS_Pollock_2024,1,2036,C_median,1301.15
EBS_Pollock_2024,1,2036,C_mean,1532.15
EBS_Pollock_2024,1,2036,C_sd,981.827
EBS_Pollock_2024,1,2023,SSB_lb,2101.51
EBS_Pollock_2024,1,2023,SSB_ub,2101.51
EBS_Pollock_2024,1,2023,SSB_median,2101.51
EBS_Pollock_2024,1,2023,SSB_mean,2101.51
EBS_Pollock_2024,1,2024,SSB_lb,1833.04
EBS_Pollock_2024,1,2024,SSB_ub,1833.05
EBS_Pollock_2024,1,2024,SSB_median,1833.04
EBS_Pollock_2024,1,2024,SSB_mean,1833.04
EBS_Pollock_2024,1,2025,SSB_lb,1739.53
EBS_Pollock_2024,1,2025,SSB_ub,1756.5
EBS_Pollock_2024,1,2025,SSB_median,1742.24
EBS_Pollock_2024,1,2025,SSB_mean,1744.28
EBS_Pollock_2024,1,2026,SSB_lb,1723.05
EBS_Pollock_2024,1,2026,SSB_ub,2614.81
EBS_Pollock_2024,1,2026,SSB_median,1861.36
EBS_Pollock_2024,1,2026,SSB_mean,1969.72
EBS_Pollock_2024,1,2027,SSB_lb,1390.92
EBS_Pollock_2024,1,2027,SSB_ub,3803.03
EBS_Pollock_2024,1,2027,SSB_median,1892.2
EBS_Pollock_2024,1,2027,SSB_mean,2158.51
EBS_Pollock_2024,1,2028,SSB_lb,1273.18
EBS_Pollock_2024,1,2028,SSB_ub,4061.36
EBS_Pollock_2024,1,2028,SSB_median,1976.71
EBS_Pollock_2024,1,2028,SSB_mean,2268.05
EBS_Pollock_2024,1,2029,SSB_lb,1273.23
EBS_Pollock_2024,1,2029,SSB_ub,4362.52
EBS_Pollock_2024,1,2029,SSB_median,2060.84
EBS_Pollock_2024,1,2029,SSB_mean,2336.25
EBS_Pollock_2024,1,2030,SSB_lb,1221.79
EBS_Pollock_2024,1,2030,SSB_ub,4447.08
EBS_Pollock_2024,1,2030,SSB_median,2100.1
EBS_Pollock_2024,1,2030,SSB_mean,2379.6
EBS_Pollock_2024,1,2031,SSB_lb,1197.66
EBS_Pollock_2024,1,2031,SSB_ub,4672.42
EBS_Pollock_2024,1,2031,SSB_median,2073.12
EBS_Pollock_2024,1,2031,SSB_mean,2402.53
EBS_Pollock_2024,1,2032,SSB_lb,1215.95
EBS_Pollock_2024,1,2032,SSB_ub,4471.5
EBS_Pollock_2024,1,2032,SSB_median,2029.7
EBS_Pollock_2024,1,2032,SSB_mean,2377.87
EBS_Pollock_2024,1,2033,SSB_lb,1219.2
EBS_Pollock_2024,1,2033,SSB_ub,4440.34
EBS_Pollock_2024,1,2033,SSB_median,2075.5
EBS_Pollock_2024,1,2033,SSB_mean,2370.89
EBS_Pollock_2024,1,2034,SSB_lb,1232.5
EBS_Pollock_2024,1,2034,SSB_ub,4357.24
EBS_Pollock_2024,1,2034,SSB_median,2070.93
EBS_Pollock_2024,1,2034,SSB_mean,2342.68
EBS_Pollock_2024,1,2035,SSB_lb,1232.31
EBS_Pollock_2024,1,2035,SSB_ub,4444.48
EBS_Pollock_2024,1,2035,SSB_median,2043.9
EBS_Pollock_2024,1,2035,SSB_mean,2329.1
EBS_Pollock_2024,1,2036,SSB_lb,1243.46
EBS_Pollock_2024,1,2036,SSB_ub,4630.26
EBS_Pollock_2024,1,2036,SSB_median,2033.37
EBS_Pollock_2024,1,2036,SSB_mean,2341.52
EBS_Pollock_2024,1,2023,F_lb,0.500372
EBS_Pollock_2024,1,2023,F_ub,0.500372
EBS_Pollock_2024,1,2023,F_median,0.500372
EBS_Pollock_2024,1,2023,F_mean,0.500372
EBS_Pollock_2024,1,2024,F_lb,0.624243
EBS_Pollock_2024,1,2024,F_ub,0.62427
EBS_Pollock_2024,1,2024,F_median,0.624266
EBS_Pollock_2024,1,2024,F_mean,0.624263
EBS_Pollock_2024,1,2025,F_lb,0.432778
EBS_Pollock_2024,1,2025,F_ub,0.437294
EBS_Pollock_2024,1,2025,F_median,0.433498
EBS_Pollock_2024,1,2025,F_mean,0.434043
EBS_Pollock_2024,1,2026,F_lb,0.4284
EBS_Pollock_2024,1,2026,F_ub,0.56322
EBS_Pollock_2024,1,2026,F_median,0.465191
EBS_Pollock_2024,1,2026,F_mean,0.479794
EBS_Pollock_2024,1,2027,F_lb,0.34008
EBS_Pollock_2024,1,2027,F_ub,0.56322
EBS_Pollock_2024,1,2027,F_median,0.473389
EBS_Pollock_2024,1,2027,F_mean,0.469865
EBS_Pollock_2024,1,2028,F_lb,0.308823
EBS_Pollock_2024,1,2028,F_ub,0.56322
EBS_Pollock_2024,1,2028,F_median,0.49589
EBS_Pollock_2024,1,2028,F_mean,0.469106
EBS_Pollock_2024,1,2029,F_lb,0.308844
EBS_Pollock_2024,1,2029,F_ub,0.56322
EBS_Pollock_2024,1,2029,F_median,0.518245
EBS_Pollock_2024,1,2029,F_mean,0.476464
EBS_Pollock_2024,1,2030,F_lb,0.295152
EBS_Pollock_2024,1,2030,F_ub,0.56322
EBS_Pollock_2024,1,2030,F_median,0.528683
EBS_Pollock_2024,1,2030,F_mean,0.476631
EBS_Pollock_2024,1,2031,F_lb,0.28874
EBS_Pollock_2024,1,2031,F_ub,0.56322
EBS_Pollock_2024,1,2031,F_median,0.521529
EBS_Pollock_2024,1,2031,F_mean,0.472612
EBS_Pollock_2024,1,2032,F_lb,0.293607
EBS_Pollock_2024,1,2032,F_ub,0.56322
EBS_Pollock_2024,1,2032,F_median,0.509978
EBS_Pollock_2024,1,2032,F_mean,0.47182
EBS_Pollock_2024,1,2033,F_lb,0.294473
EBS_Pollock_2024,1,2033,F_ub,0.56322
EBS_Pollock_2024,1,2033,F_median,0.522158
EBS_Pollock_2024,1,2033,F_mean,0.47499
EBS_Pollock_2024,1,2034,F_lb,0.297976
EBS_Pollock_2024,1,2034,F_ub,0.56322
EBS_Pollock_2024,1,2034,F_median,0.520944
EBS_Pollock_2024,1,2034,F_mean,0.47472
EBS_Pollock_2024,1,2035,F_lb,0.297941
EBS_Pollock_2024,1,2035,F_ub,0.56322
EBS_Pollock_2024,1,2035,F_median,0.513706
EBS_Pollock_2024,1,2035,F_mean,0.471644
EBS_Pollock_2024,1,2036,F_lb,0.300929
EBS_Pollock_2024,1,2036,F_ub,0.56322
EBS_Pollock_2024,1,2036,F_median,0.51094
EBS_Pollock_2024,1,2036,F_mean,0.469133
EBS_Pollock_2024,2,2023,C_lb,1350
EBS_Pollock_2024,2,2023,C_ub,1350
EBS_Pollock_2024,2,2023,C_median,1350
EBS_Pollock_2024,2,2023,C_mean,1350
EBS_Pollock_2024,2,2023,C_sd,1.40972e-11
EBS_Pollock_2024,2,2024,C_lb,1350
EBS_Pollock_2024,2,2024,C_ub,1350
EBS_Pollock_2024,2,2024,C_median,1350
EBS_Pollock_2024,2,2024,C_mean,1350
EBS_Pollock_2024,2,2024,C_sd,1.12224e-07
EBS_Pollock_2024,2,2025,C_lb,1090.92
EBS_Pollock_2024,2,2025,C_ub,1112.34
EBS_Pollock_2024,2,2025,C_median,1094.32
EBS_Pollock_2024,2,2025,C_mean,1096.91
EBS_Pollock_2024,2,2025,C_sd,7.82588
EBS_Pollock_2024,2,2026,C_lb,1087.64
EBS_Pollock_2024,2,2026,C_ub,1463.65
EBS_Pollock_2024,2,2026,C_median,1180.41
EBS_Pollock_2024,2,2026,C_mean,1221.89
EBS_Pollock_2024,2,2026,C_sd,124.515
EBS_Pollock_2024,2,2027,C_lb,825.632
EBS_Pollock_2024,2,2027,C_ub,2359.44
EBS_Pollock_2024,2,2027,C_median,1229.85
EBS_Pollock_2024,2,2027,C_mean,1369.84
EBS_Pollock_2024,2,2027,C_sd,529.746
EBS_Pollock_2024,2,2028,C_lb,540.721
EBS_Pollock_2024,2,2028,C_ub,3213.52
EBS_Pollock_2024,2,2028,C_median,1194.35
EBS_Pollock_2024,2,2028,C_mean,1457.83
EBS_Pollock_2024,2,2028,C_sd,937.829
EBS_Pollock_2024,2,2029,C_lb,538.949
EBS_Pollock_2024,2,2029,C_ub,3088.4
EBS_Pollock_2024,2,2029,C_median,1306.28
EBS_Pollock_2024,2,2029,C_mean,1518.3
EBS_Pollock_2024,2,2029,C_sd,982.364
EBS_Pollock_2024,2,2030,C_lb,525.207
EBS_Pollock_2024,2,2030,C_ub,3333.98
EBS_Pollock_2024,2,2030,C_median,1340.83
EBS_Pollock_2024,2,2030,C_mean,1547.35
EBS_Pollock_2024,2,2030,C_sd,928.305
EBS_Pollock_2024,2,2031,C_lb,531.605
EBS_Pollock_2024,2,2031,C_ub,3405.91
EBS_Pollock_2024,2,2031,C_median,1358.22
EBS_Pollock_2024,2,2031,C_mean,1583.45
EBS_Pollock_2024,2,2031,C_sd,980.846
EBS_Pollock_2024,2,2032,C_lb,538.683
EBS_Pollock_2024,2,2032,C_ub,3499.29
EBS_Pollock_2024,2,2032,C_median,1330.98
EBS_Pollock_2024,2,2032,C_mean,1588.88
EBS_Pollock_2024,2,2032,C_sd,1039.61
EBS_Pollock_2024,2,2033,C_lb,538.927
EBS_Pollock_2024,2,2033,C_ub,3398.9
EBS_Pollock_2024,2,2033,C_median,1362.39
EBS_Pollock_2024,2,2033,C_mean,1564.67
EBS_Pollock_2024,2,2033,C_sd,973.138
EBS_Pollock_2024,2,2034,C_lb,536.434
EBS_Pollock_2024,2,2034,C_ub,3340.99
EBS_Pollock_2024,2,2034,C_median,1321.5
EBS_Pollock_2024,2,2034,C_mean,1567.1
EBS_Pollock_2024,2,2034,C_sd,947.022
EBS_Pollock_2024,2,2035,C_lb,538.481
EBS_Pollock_2024,2,2035,C_ub,3303.17
EBS_Pollock_2024,2,2035,C_median,1337.85
EBS_Pollock_2024,2,2035,C_mean,1530.41
EBS_Pollock_2024,2,2035,C_sd,930.858
EBS_Pollock_2024,2,2036,C_lb,552.927
EBS_Pollock_2024,2,2036,C_ub,3370.69
EBS_Pollock_2024,2,2036,C_median,1301.15
EBS_Pollock_2024,2,2036,C_mean,1532.15
EBS_Pollock_2024,2,2036,C_sd,981.827
EBS_Pollock_2024,2,2023,SSB_lb,2101.51
EBS_Pollock_2024,2,2023,SSB_ub,2101.51
EBS_Pollock_2024,2,2023,SSB_median,2101.51
EBS_Pollock_2024,2,2023,SSB_mean,2101.51
EBS_Pollock_2024,2,2024,SSB_lb,1833.04
EBS_Pollock_2024,2,2024,SSB_ub,1833.05
EBS_Pollock_2024,2,2024,SSB_median,1833.04
EBS_Pollock_2024,2,2024,SSB_mean,1833.04
EBS_Pollock_2024,2,2025,SSB_lb,1739.53
EBS_Pollock_2024,2,2025,SSB_ub,1756.5
EBS_Pollock_2024,2,2025,SSB_median,1742.24
EBS_Pollock_2024,2,2025,SSB_mean,1744.28
EBS_Pollock_2024,2,2026,SSB_lb,1723.05
EBS_Pollock_2024,2,2026,SSB_ub,2614.81
EBS_Pollock_2024,2,2026,SSB_median,1861.36
EBS_Pollock_2024,2,2026,SSB_mean,1969.72
EBS_Pollock_2024,2,2027,SSB_lb,1390.92
EBS_Pollock_2024,2,2027,SSB_ub,3803.03
EBS_Pollock_2024,2,2027,SSB_median,1892.2
EBS_Pollock_2024,2,2027,SSB_mean,2158.51
EBS_Pollock_2024,2,2028,SSB_lb,1273.18
EBS_Pollock_2024,2,2028,SSB_ub,4061.36
EBS_Pollock_2024,2,2028,SSB_median,1976.71
EBS_Pollock_2024,2,2028,SSB_mean,2268.05
EBS_Pollock_2024,2,2029,SSB_lb,1273.23
EBS_Pollock_2024,2,2029,SSB_ub,4362.52
EBS_Pollock_2024,2,2029,SSB_median,2060.84
EBS_Pollock_2024,2,2029,SSB_mean,2336.25
EBS_Pollock_2024,2,2030,SSB_lb,1221.79
EBS_Pollock_2024,2,2030,SSB_ub,4447.08
EBS_Pollock_2024,2,2030,SSB_median,2100.1
EBS_Pollock_2024,2,2030,SSB_mean,2379.6
EBS_Pollock_2024,2,2031,SSB_lb,1197.66
EBS_Pollock_2024,2,2031,SSB_ub,4672.42
EBS_Pollock_2024,2,2031,SSB_median,2073.12
EBS_Pollock_2024,2,2031,SSB_mean,2402.53
EBS_Pollock_2024,2,2032,SSB_lb,1215.95
EBS_Pollock_2024,2,2032,SSB_ub,4471.5
EBS_Pollock_2024,2,2032,SSB_median,2029.7
EBS_Pollock_2024,2,2032,SSB_mean,2377.87
EBS_Pollock_2024,2,2033,SSB_lb,1219.2
EBS_Pollock_2024,2,2033,SSB_ub,4440.34
EBS_Pollock_2024,2,2033,SSB_median,2075.5
EBS_Pollock_2024,2,2033,SSB_mean,2370.89
EBS_Pollock_2024,2,2034,SSB_lb,1232.5
EBS_Pollock_2024,2,2034,SSB_ub,4357.24
EBS_Pollock_2024,2,2034,SSB_median,2070.93
EBS_Pollock_2024,2,2034,SSB_mean,2342.68
EBS_Pollock_2024,2,2035,SSB_lb,1232.31
EBS_Pollock_2024,2,2035,SSB_ub,4444.48
EBS_Pollock_2024,2,2035,SSB_median,2043.9
EBS_Pollock_2024,2,2035,SSB_mean,2329.1
EBS_Pollock_2024,2,2036,SSB_lb,1243.46
EBS_Pollock_2024,2,2036,SSB_ub,4630.26
EBS_Pollock_2024,2,2036,SSB_median,2033.37
EBS_Pollock_2024,2,2036,SSB_mean,2341.52
EBS_Pollock_2024,2,2023,F_lb,0.500372
EBS_Pollock_2024,2,2023,F_ub,0.500372
EBS_Pollock_2024,2,2023,F_median,0.500372
EBS_Pollock_2024,2,2023,F_mean,0.500372
EBS_Pollock_2024,2,2024,F_lb,0.624243
EBS_Pollock_2024,2,2024,F_ub,0.62427
EBS_Pollock_2024,2,2024,F_median,0.624266
EBS_Pollock_2024,2,2024,F_mean,0.624263
EBS_Pollock_2024,2,2025,F_lb,0.432778
EBS_Pollock_2024,2,2025,F_ub,0.437294
EBS_Pollock_2024,2,2025,F_median,0.433498
EBS_Pollock_2024,2,2025,F_mean,0.434043
EBS_Pollock_2024,2,2026,F_lb,0.4284
EBS_Pollock_2024,2,2026,F_ub,0.56322
EBS_Pollock_2024,2,2026,F_median,0.465191
EBS_Pollock_2024,2,2026,F_mean,0.479794
EBS_Pollock_2024,2,2027,F_lb,0.34008
EBS_Pollock_2024,2,2027,F_ub,0.56322
EBS_Pollock_2024,2,2027,F_median,0.473389
EBS_Pollock_2024,2,2027,F_mean,0.469865
EBS_Pollock_2024,2,2028,F_lb,0.308823
EBS_Pollock_2024,2,2028,F_ub,0.56322
EBS_Pollock_2024,2,2028,F_median,0.49589
EBS_Pollock_2024,2,2028,F_mean,0.469106
EBS_Pollock_2024,2,2029,F_lb,0.308844
EBS_Pollock_2024,2,2029,F_ub,0.56322
EBS_Pollock_2024,2,2029,F_median,0.518245
EBS_Pollock_2024,2,2029,F_mean,0.476464
EBS_Pollock_2024,2,2030,F_lb,0.295152
EBS_Pollock_2024,2,2030,F_ub,0.56322
EBS_Pollock_2024,2,2030,F_median,0.528683
EBS_Pollock_2024,2,2030,F_mean,0.476631
EBS_Pollock_2024,2,2031,F_lb,0.28874
EBS_Pollock_2024,2,2031,F_ub,0.56322
EBS_Pollock_2024,2,2031,F_median,0.521529
EBS_Pollock_2024,2,2031,F_mean,0.472612
EBS_Pollock_2024,2,2032,F_lb,0.293607
EBS_Pollock_2024,2,2032,F_ub,0.56322
EBS_Pollock_2024,2,2032,F_median,0.509978
EBS_Pollock_2024,2,2032,F_mean,0.47182
EBS_Pollock_2024,2,2033,F_lb,0.294473
EBS_Pollock_2024,2,2033,F_ub,0.56322
EBS_Pollock_2024,2,2033,F_median,0.522158
EBS_Pollock_2024,2,2033,F_mean,0.47499
EBS_Pollock_2024,2,2034,F_lb,0.297976
EBS_Pollock_2024,2,2034,F_ub,0.56322
EBS_Pollock_2024,2,2034,F_median,0.520944
EBS_Pollock_2024,2,2034,F_mean,0.47472
EBS_Pollock_2024,2,2035,F_lb,0.297941
EBS_Pollock_2024,2,2035,F_ub,0.56322
EBS_Pollock_2024,2,2035,F_median,0.513706
EBS_Pollock_2024,2,2035,F_mean,0.471644
EBS_Pollock_2024,2,2036,F_lb,0.300929
EBS_Pollock_2024,2,2036,F_ub,0.56322
EBS_Pollock_2024,2,2036,F_median,0.51094
EBS_Pollock_2024,2,2036,F_mean,0.469133
EBS_Pollock_2024,3,2023,C_lb,1350
EBS_Pollock_2024,3,2023,C_ub,1350
EBS_Pollock_2024,3,2023,C_median,1350
EBS_Pollock_2024,3,2023,C_mean,1350
EBS_Pollock_2024,3,2023,C_sd,1.40972e-11
EBS_Pollock_2024,3,2024,C_lb,1350
EBS_Pollock_2024,3,2024,C_ub,1350
EBS_Pollock_2024,3,2024,C_median,1350
EBS_Pollock_2024,3,2024,C_mean,1350
EBS_Pollock_2024,3,2024,C_sd,1.12224e-07
EBS_Pollock_2024,3,2025,C_lb,722.247
EBS_Pollock_2024,3,2025,C_ub,729.673
EBS_Pollock_2024,3,2025,C_median,723.432
EBS_Pollock_2024,3,2025,C_mean,724.33
EBS_Pollock_2024,3,2025,C_sd,2.70227
EBS_Pollock_2024,3,2026,C_lb,795.805
EBS_Pollock_2024,3,2026,C_ub,847.321
EBS_Pollock_2024,3,2026,C_median,804.791
EBS_Pollock_2024,3,2026,C_mean,811.16
EBS_Pollock_2024,3,2026,C_sd,19.0099
EBS_Pollock_2024,3,2027,C_lb,772.756
EBS_Pollock_2024,3,2027,C_ub,1385.4
EBS_Pollock_2024,3,2027,C_median,874.738
EBS_Pollock_2024,3,2027,C_mean,949.357
EBS_Pollock_2024,3,2027,C_sd,223.39
EBS_Pollock_2024,3,2028,C_lb,549.002
EBS_Pollock_2024,3,2028,C_ub,1975.77
EBS_Pollock_2024,3,2028,C_median,861.742
EBS_Pollock_2024,3,2028,C_mean,1015.55
EBS_Pollock_2024,3,2028,C_sd,510.532
EBS_Pollock_2024,3,2029,C_lb,546.877
EBS_Pollock_2024,3,2029,C_ub,2015.29
EBS_Pollock_2024,3,2029,C_median,949.695
EBS_Pollock_2024,3,2029,C_mean,1081.34
EBS_Pollock_2024,3,2029,C_sd,561.627
EBS_Pollock_2024,3,2030,C_lb,563.13
EBS_Pollock_2024,3,2030,C_ub,2156.62
EBS_Pollock_2024,3,2030,C_median,1003.49
EBS_Pollock_2024,3,2030,C_mean,1132.44
EBS_Pollock_2024,3,2030,C_sd,530.999
EBS_Pollock_2024,3,2031,C_lb,567.441
EBS_Pollock_2024,3,2031,C_ub,2227.14
EBS_Pollock_2024,3,2031,C_median,1062.12
EBS_Pollock_2024,3,2031,C_mean,1193.74
EBS_Pollock_2024,3,2031,C_sd,558.232
EBS_Pollock_2024,3,2032,C_lb,549.384
EBS_Pollock_2024,3,2032,C_ub,2339.07
EBS_Pollock_2024,3,2032,C_median,1083.86
EBS_Pollock_2024,3,2032,C_mean,1228.05
EBS_Pollock_2024,3,2032,C_sd,615.811
EBS_Pollock_2024,3,2033,C_lb,555.731
EBS_Pollock_2024,3,2033,C_ub,2285.56
EBS_Pollock_2024,3,2033,C_median,1086.56
EBS_Pollock_2024,3,2033,C_mean,1221.7
EBS_Pollock_2024,3,2033,C_sd,587.927
EBS_Pollock_2024,3,2034,C_lb,573.046
EBS_Pollock_2024,3,2034,C_ub,2290
EBS_Pollock_2024,3,2034,C_median,1105.33
EBS_Pollock_2024,3,2034,C_mean,1231.69
EBS_Pollock_2024,3,2034,C_sd,567.165
EBS_Pollock_2024,3,2035,C_lb,583.379
EBS_Pollock_2024,3,2035,C_ub,2246.84
EBS_Pollock_2024,3,2035,C_median,1099.14
EBS_Pollock_2024,3,2035,C_mean,1217.17
EBS_Pollock_2024,3,2035,C_sd,554.35
EBS_Pollock_2024,3,2036,C_lb,571.661
EBS_Pollock_2024,3,2036,C_ub,2292.03
EBS_Pollock_2024,3,2036,C_median,1092.51
EBS_Pollock_2024,3,2036,C_mean,1220.42
EBS_Pollock_2024,3,2036,C_sd,588.189
EBS_Pollock_2024,3,2023,SSB_lb,2101.51
EBS_Pollock_2024,3,2023,SSB_ub,2101.51
EBS_Pollock_2024,3,2023,SSB_median,2101.51
EBS_Pollock_2024,3,2023,SSB_mean,2101.51
EBS_Pollock_2024,3,2024,SSB_lb,1833.04
EBS_Pollock_2024,3,2024,SSB_ub,1833.05
EBS_Pollock_2024,3,2024,SSB_median,1833.04
EBS_Pollock_2024,3,2024,SSB_mean,1833.04
EBS_Pollock_2024,3,2025,SSB_lb,1791.82
EBS_Pollock_2024,3,2025,SSB_ub,1810.18
EBS_Pollock_2024,3,2025,SSB_median,1794.74
EBS_Pollock_2024,3,2025,SSB_mean,1796.96
EBS_Pollock_2024,3,2026,SSB_lb,1902.28
EBS_Pollock_2024,3,2026,SSB_ub,2840.23
EBS_Pollock_2024,3,2026,SSB_median,2052.44
EBS_Pollock_2024,3,2026,SSB_mean,2165.89
EBS_Pollock_2024,3,2027,SSB_lb,1627.36
EBS_Pollock_2024,3,2027,SSB_ub,4280.82
EBS_Pollock_2024,3,2027,SSB_median,2196.87
EBS_Pollock_2024,3,2027,SSB_mean,2484.79
EBS_Pollock_2024,3,2028,SSB_lb,1492.72
EBS_Pollock_2024,3,2028,SSB_ub,4773.97
EBS_Pollock_2024,3,2028,SSB_median,2396.58
EBS_Pollock_2024,3,2028,SSB_mean,2710.22
EBS_Pollock_2024,3,2029,SSB_lb,1474.47
EBS_Pollock_2024,3,2029,SSB_ub,5310.01
EBS_Pollock_2024,3,2029,SSB_median,2602.61
EBS_Pollock_2024,3,2029,SSB_mean,2878.65
EBS_Pollock_2024,3,2030,SSB_lb,1410.44
EBS_Pollock_2024,3,2030,SSB_ub,5539.2
EBS_Pollock_2024,3,2030,SSB_median,2712.66
EBS_Pollock_2024,3,2030,SSB_mean,3002.36
EBS_Pollock_2024,3,2031,SSB_lb,1384.71
EBS_Pollock_2024,3,2031,SSB_ub,5836.73
EBS_Pollock_2024,3,2031,SSB_median,2771.53
EBS_Pollock_2024,3,2031,SSB_mean,3082.82
EBS_Pollock_2024,3,2032,SSB_lb,1403.22
EBS_Pollock_2024,3,2032,SSB_ub,5716.96
EBS_Pollock_2024,3,2032,SSB_median,2780.43
EBS_Pollock_2024,3,2032,SSB_mean,3092.87
EBS_Pollock_2024,3,2033,SSB_lb,1430.62
EBS_Pollock_2024,3,2033,SSB_ub,5703.02
EBS_Pollock_2024,3,2033,SSB_median,2818.43
EBS_Pollock_2024,3,2033,SSB_mean,3101.03
EBS_Pollock_2024,3,2034,SSB_lb,1438.11
EBS_Pollock_2024,3,2034,SSB_ub,5668.15
EBS_Pollock_2024,3,2034,SSB_median,2807.19
EBS_Pollock_2024,3,2034,SSB_mean,3080.33
EBS_Pollock_2024,3,2035,SSB_lb,1479.46
EBS_Pollock_2024,3,2035,SSB_ub,5605.22
EBS_Pollock_2024,3,2035,SSB_median,2760.38
EBS_Pollock_2024,3,2035,SSB_mean,3065.92
EBS_Pollock_2024,3,2036,SSB_lb,1454.74
EBS_Pollock_2024,3,2036,SSB_ub,5878.21
EBS_Pollock_2024,3,2036,SSB_median,2782.48
EBS_Pollock_2024,3,2036,SSB_mean,3071.74
EBS_Pollock_2024,3,2023,F_lb,0.500372
EBS_Pollock_2024,3,2023,F_ub,0.500372
EBS_Pollock_2024,3,2023,F_median,0.500372
EBS_Pollock_2024,3,2023,F_mean,0.500372
EBS_Pollock_2024,3,2024,F_lb,0.624243
EBS_Pollock_2024,3,2024,F_ub,0.62427
EBS_Pollock_2024,3,2024,F_median,0.624266
EBS_Pollock_2024,3,2024,F_mean,0.624263
EBS_Pollock_2024,3,2025,F_lb,0.265992
EBS_Pollock_2024,3,2025,F_ub,0.265992
EBS_Pollock_2024,3,2025,F_median,0.265992
EBS_Pollock_2024,3,2025,F_mean,0.265992
EBS_Pollock_2024,3,2026,F_lb,0.265992
EBS_Pollock_2024,3,2026,F_ub,0.265992
EBS_Pollock_2024,3,2026,F_median,0.265992
EBS_Pollock_2024,3,2026,F_mean,0.265992
EBS_Pollock_2024,3,2027,F_lb,0.265992
EBS_Pollock_2024,3,2027,F_ub,0.265992
EBS_Pollock_2024,3,2027,F_median,0.265992
EBS_Pollock_2024,3,2027,F_mean,0.265992
EBS_Pollock_2024,3,2028,F_lb,0.265992
EBS_Pollock_2024,3,2028,F_ub,0.265992
EBS_Pollock_2024,3,2028,F_median,0.265992
EBS_Pollock_2024,3,2028,F_mean,0.265992
EBS_Pollock_2024,3,2029,F_lb,0.265992
EBS_Pollock_2024,3,2029,F_ub,0.265992
EBS_Pollock_2024,3,2029,F_median,0.265992
EBS_Pollock_2024,3,2029,F_mean,0.265992
EBS_Pollock_2024,3,2030,F_lb,0.265992
EBS_Pollock_2024,3,2030,F_ub,0.265992
EBS_Pollock_2024,3,2030,F_median,0.265992
EBS_Pollock_2024,3,2030,F_mean,0.265992
EBS_Pollock_2024,3,2031,F_lb,0.265992
EBS_Pollock_2024,3,2031,F_ub,0.265992
EBS_Pollock_2024,3,2031,F_median,0.265992
EBS_Pollock_2024,3,2031,F_mean,0.265992
EBS_Pollock_2024,3,2032,F_lb,0.265992
EBS_Pollock_2024,3,2032,F_ub,0.265992
EBS_Pollock_2024,3,2032,F_median,0.265992
EBS_Pollock_2024,3,2032,F_mean,0.265992
EBS_Pollock_2024,3,2033,F_lb,0.265992
EBS_Pollock_2024,3,2033,F_ub,0.265992
EBS_Pollock_2024,3,2033,F_median,0.265992
EBS_Pollock_2024,3,2033,F_mean,0.265992
EBS_Pollock_2024,3,2034,F_lb,0.265992
EBS_Pollock_2024,3,2034,F_ub,0.265992
EBS_Pollock_2024,3,2034,F_median,0.265992
EBS_Pollock_2024,3,2034,F_mean,0.265992
EBS_Pollock_2024,3,2035,F_lb,0.265992
EBS_Pollock_2024,3,2035,F_ub,0.265992
EBS_Pollock_2024,3,2035,F_median,0.265992
EBS_Pollock_2024,3,2035,F_mean,0.265992
EBS_Pollock_2024,3,2036,F_lb,0.265992
EBS_Pollock_2024,3,2036,F_ub,0.265992
EBS_Pollock_2024,3,2036,F_median,0.265992
EBS_Pollock_2024,3,2036,F_mean,0.265992
EBS_Pollock_2024,4,2023,C_lb,1350
EBS_Pollock_2024,4,2023,C_ub,1350
EBS_Pollock_2024,4,2023,C_median,1350
EBS_Pollock_2024,4,2023,C_mean,1350
EBS_Pollock_2024,4,2023,C_sd,1.40972e-11
EBS_Pollock_2024,4,2024,C_lb,1350
EBS_Pollock_2024,4,2024,C_ub,1350
EBS_Pollock_2024,4,2024,C_median,1350
EBS_Pollock_2024,4,2024,C_mean,1350
EBS_Pollock_2024,4,2024,C_sd,1.12224e-07
EBS_Pollock_2024,4,2025,C_lb,589.889
EBS_Pollock_2024,4,2025,C_ub,595.806
EBS_Pollock_2024,4,2025,C_median,590.834
EBS_Pollock_2024,4,2025,C_mean,591.549
EBS_Pollock_2024,4,2025,C_sd,2.15302
EBS_Pollock_2024,4,2026,C_lb,671.324
EBS_Pollock_2024,4,2026,C_ub,712.411
EBS_Pollock_2024,4,2026,C_median,678.492
EBS_Pollock_2024,4,2026,C_mean,683.57
EBS_Pollock_2024,4,2026,C_sd,15.1614
EBS_Pollock_2024,4,2027,C_lb,666.691
EBS_Pollock_2024,4,2027,C_ub,1161
EBS_Pollock_2024,4,2027,C_median,749.038
EBS_Pollock_2024,4,2027,C_mean,809.18
EBS_Pollock_2024,4,2027,C_sd,180.206
EBS_Pollock_2024,4,2028,C_lb,486.006
EBS_Pollock_2024,4,2028,C_ub,1659.37
EBS_Pollock_2024,4,2028,C_median,744.666
EBS_Pollock_2024,4,2028,C_mean,872.127
EBS_Pollock_2024,4,2028,C_sd,423.208
EBS_Pollock_2024,4,2029,C_lb,490.857
EBS_Pollock_2024,4,2029,C_ub,1714.12
EBS_Pollock_2024,4,2029,C_median,823.873
EBS_Pollock_2024,4,2029,C_mean,937.373
EBS_Pollock_2024,4,2029,C_sd,469.435
EBS_Pollock_2024,4,2030,C_lb,510.275
EBS_Pollock_2024,4,2030,C_ub,1858.67
EBS_Pollock_2024,4,2030,C_median,885.135
EBS_Pollock_2024,4,2030,C_mean,989.827
EBS_Pollock_2024,4,2030,C_sd,446.023
EBS_Pollock_2024,4,2031,C_lb,521.93
EBS_Pollock_2024,4,2031,C_ub,1933.24
EBS_Pollock_2024,4,2031,C_median,942.814
EBS_Pollock_2024,4,2031,C_mean,1052.92
EBS_Pollock_2024,4,2031,C_sd,469.078
EBS_Pollock_2024,4,2032,C_lb,509.484
EBS_Pollock_2024,4,2032,C_ub,2015.1
EBS_Pollock_2024,4,2032,C_median,971.924
EBS_Pollock_2024,4,2032,C_mean,1091.73
EBS_Pollock_2024,4,2032,C_sd,522.147
EBS_Pollock_2024,4,2033,C_lb,513.587
EBS_Pollock_2024,4,2033,C_ub,2012.82
EBS_Pollock_2024,4,2033,C_median,978.568
EBS_Pollock_2024,4,2033,C_mean,1092.46
EBS_Pollock_2024,4,2033,C_sd,503.158
EBS_Pollock_2024,4,2034,C_lb,529.698
EBS_Pollock_2024,4,2034,C_ub,2015.09
EBS_Pollock_2024,4,2034,C_median,1006.34
EBS_Pollock_2024,4,2034,C_mean,1104.78
EBS_Pollock_2024,4,2034,C_sd,485.572
EBS_Pollock_2024,4,2035,C_lb,535.861
EBS_Pollock_2024,4,2035,C_ub,2004.31
EBS_Pollock_2024,4,2035,C_median,998.004
EBS_Pollock_2024,4,2035,C_mean,1095
EBS_Pollock_2024,4,2035,C_sd,474.737
EBS_Pollock_2024,4,2036,C_lb,525.639
EBS_Pollock_2024,4,2036,C_ub,1989.67
EBS_Pollock_2024,4,2036,C_median,989.743
EBS_Pollock_2024,4,2036,C_mean,1099.22
EBS_Pollock_2024,4,2036,C_sd,504.531
EBS_Pollock_2024,4,2023,SSB_lb,2101.51
EBS_Pollock_2024,4,2023,SSB_ub,2101.51
EBS_Pollock_2024,4,2023,SSB_median,2101.51
EBS_Pollock_2024,4,2023,SSB_mean,2101.51
EBS_Pollock_2024,4,2024,SSB_lb,1833.04
EBS_Pollock_2024,4,2024,SSB_ub,1833.05
EBS_Pollock_2024,4,2024,SSB_median,1833.04
EBS_Pollock_2024,4,2024,SSB_mean,1833.04
EBS_Pollock_2024,4,2025,SSB_lb,1809.29
EBS_Pollock_2024,4,2025,SSB_ub,1827.66
EBS_Pollock_2024,4,2025,SSB_median,1812.22
EBS_Pollock_2024,4,2025,SSB_mean,1814.44
EBS_Pollock_2024,4,2026,SSB_lb,1968.65
EBS_Pollock_2024,4,2026,SSB_ub,2907.38
EBS_Pollock_2024,4,2026,SSB_median,2118.93
EBS_Pollock_2024,4,2026,SSB_mean,2232.48
EBS_Pollock_2024,4,2027,SSB_lb,1729.5
EBS_Pollock_2024,4,2027,SSB_ub,4392.7
EBS_Pollock_2024,4,2027,SSB_median,2301.85
EBS_Pollock_2024,4,2027,SSB_mean,2592.1
EBS_Pollock_2024,4,2028,SSB_lb,1614.9
EBS_Pollock_2024,4,2028,SSB_ub,5005.5
EBS_Pollock_2024,4,2028,SSB_median,2543.22
EBS_Pollock_2024,4,2028,SSB_mean,2854.86
EBS_Pollock_2024,4,2029,SSB_lb,1613.19
EBS_Pollock_2024,4,2029,SSB_ub,5576.67
EBS_Pollock_2024,4,2029,SSB_median,2773.24
EBS_Pollock_2024,4,2029,SSB_mean,3055.11
EBS_Pollock_2024,4,2030,SSB_lb,1550.17
EBS_Pollock_2024,4,2030,SSB_ub,5882.66
EBS_Pollock_2024,4,2030,SSB_median,2912.77
EBS_Pollock_2024,4,2030,SSB_mean,3205.71
EBS_Pollock_2024,4,2031,SSB_lb,1523.52
EBS_Pollock_2024,4,2031,SSB_ub,6116.09
EBS_Pollock_2024,4,2031,SSB_median,3014.92
EBS_Pollock_2024,4,2031,SSB_mean,3307.91
EBS_Pollock_2024,4,2032,SSB_lb,1530.33
EBS_Pollock_2024,4,2032,SSB_ub,6047.3
EBS_Pollock_2024,4,2032,SSB_median,3018.94
EBS_Pollock_2024,4,2032,SSB_mean,3334.11
EBS_Pollock_2024,4,2033,SSB_lb,1554.13
EBS_Pollock_2024,4,2033,SSB_ub,6074.85
EBS_Pollock_2024,4,2033,SSB_median,3050.81
EBS_Pollock_2024,4,2033,SSB_mean,3352.35
EBS_Pollock_2024,4,2034,SSB_lb,1582.41
EBS_Pollock_2024,4,2034,SSB_ub,5991.17
EBS_Pollock_2024,4,2034,SSB_median,3037.05
EBS_Pollock_2024,4,2034,SSB_mean,3337.65
EBS_Pollock_2024,4,2035,SSB_lb,1633.8
EBS_Pollock_2024,4,2035,SSB_ub,6064.64
EBS_Pollock_2024,4,2035,SSB_median,3006.18
EBS_Pollock_2024,4,2035,SSB_mean,3326.17
EBS_Pollock_2024,4,2036,SSB_lb,1613.97
EBS_Pollock_2024,4,2036,SSB_ub,6244.06
EBS_Pollock_2024,4,2036,SSB_median,3026.79
EBS_Pollock_2024,4,2036,SSB_mean,3332.72
EBS_Pollock_2024,4,2023,F_lb,0.500372
EBS_Pollock_2024,4,2023,F_ub,0.500372
EBS_Pollock_2024,4,2023,F_median,0.500372
EBS_Pollock_2024,4,2023,F_mean,0.500372
EBS_Pollock_2024,4,2024,F_lb,0.624243
EBS_Pollock_2024,4,2024,F_ub,0.62427
EBS_Pollock_2024,4,2024,F_median,0.624266
EBS_Pollock_2024,4,2024,F_mean,0.624263
EBS_Pollock_2024,4,2025,F_lb,0.211883
EBS_Pollock_2024,4,2025,F_ub,0.211883
EBS_Pollock_2024,4,2025,F_median,0.211883
EBS_Pollock_2024,4,2025,F_mean,0.211883
EBS_Pollock_2024,4,2026,F_lb,0.211883
EBS_Pollock_2024,4,2026,F_ub,0.211883
EBS_Pollock_2024,4,2026,F_median,0.211883
EBS_Pollock_2024,4,2026,F_mean,0.211883
EBS_Pollock_2024,4,2027,F_lb,0.211883
EBS_Pollock_2024,4,2027,F_ub,0.211883
EBS_Pollock_2024,4,2027,F_median,0.211883
EBS_Pollock_2024,4,2027,F_mean,0.211883
EBS_Pollock_2024,4,2028,F_lb,0.211883
EBS_Pollock_2024,4,2028,F_ub,0.211883
EBS_Pollock_2024,4,2028,F_median,0.211883
EBS_Pollock_2024,4,2028,F_mean,0.211883
EBS_Pollock_2024,4,2029,F_lb,0.211883
EBS_Pollock_2024,4,2029,F_ub,0.211883
EBS_Pollock_2024,4,2029,F_median,0.211883
EBS_Pollock_2024,4,2029,F_mean,0.211883
EBS_Pollock_2024,4,2030,F_lb,0.211883
EBS_Pollock_2024,4,2030,F_ub,0.211883
EBS_Pollock_2024,4,2030,F_median,0.211883
EBS_Pollock_2024,4,2030,F_mean,0.211883
EBS_Pollock_2024,4,2031,F_lb,0.211883
EBS_Pollock_2024,4,2031,F_ub,0.211883
EBS_Pollock_2024,4,2031,F_median,0.211883
EBS_Pollock_2024,4,2031,F_mean,0.211883
EBS_Pollock_2024,4,2032,F_lb,0.211883
EBS_Pollock_2024,4,2032,F_ub,0.211883
EBS_Pollock_2024,4,2032,F_median,0.211883
EBS_Pollock_2024,4,2032,F_mean,0.211883
EBS_Pollock_2024,4,2033,F_lb,0.211883
EBS_Pollock_2024,4,2033,F_ub,0.211883
EBS_Pollock_2024,4,2033,F_median,0.211883
EBS_Pollock_2024,4,2033,F_mean,0.211883
EBS_Pollock_2024,4,2034,F_lb,0.211883
EBS_Pollock_2024,4,2034,F_ub,0.211883
EBS_Pollock_2024,4,2034,F_median,0.211883
EBS_Pollock_2024,4,2034,F_mean,0.211883
EBS_Pollock_2024,4,2035,F_lb,0.211883
EBS_Pollock_2024,4,2035,F_ub,0.211883
EBS_Pollock_2024,4,2035,F_median,0.211883
EBS_Pollock_2024,4,2035,F_mean,0.211883
EBS_Pollock_2024,4,2036,F_lb,0.211883
EBS_Pollock_2024,4,2036,F_ub,0.211883
EBS_Pollock_2024,4,2036,F_median,0.211883
EBS_Pollock_2024,4,2036,F_mean,0.211883
EBS_Pollock_2024,5,2023,C_lb,1350
EBS_Pollock_2024,5,2023,C_ub,1350
EBS_Pollock_2024,5,2023,C_median,1350
EBS_Pollock_2024,5,2023,C_mean,1350
EBS_Pollock_2024,5,2023,C_sd,1.40972e-11
EBS_Pollock_2024,5,2024,C_lb,1350
EBS_Pollock_2024,5,2024,C_ub,1350
EBS_Pollock_2024,5,2024,C_median,1350
EBS_Pollock_2024,5,2024,C_mean,1350
EBS_Pollock_2024,5,2024,C_sd,1.12224e-07
EBS_Pollock_2024,5,2025,C_lb,0
EBS_Pollock_2024,5,2025,C_ub,0
EBS_Pollock_2024,5,2025,C_median,0
EBS_Pollock_2024,5,2025,C_mean,0
EBS_Pollock_2024,5,2025,C_sd,0
EBS_Pollock_2024,5,2026,C_lb,0
EBS_Pollock_2024,5,2026,C_ub,0
EBS_Pollock_2024,5,2026,C_median,0
EBS_Pollock_2024,5,2026,C_mean,0
EBS_Pollock_2024,5,2026,C_sd,0
EBS_Pollock_2024,5,2027,C_lb,0
EBS_Pollock_2024,5,2027,C_ub,0
EBS_Pollock_2024,5,2027,C_median,0
EBS_Pollock_2024,5,2027,C_mean,0
EBS_Pollock_2024,5,2027,C_sd,0
EBS_Pollock_2024,5,2028,C_lb,0
EBS_Pollock_2024,5,2028,C_ub,0
EBS_Pollock_2024,5,2028,C_median,0
EBS_Pollock_2024,5,2028,C_mean,0
EBS_Pollock_2024,5,2028,C_sd,0
EBS_Pollock_2024,5,2029,C_lb,0
EBS_Pollock_2024,5,2029,C_ub,0
EBS_Pollock_2024,5,2029,C_median,0
EBS_Pollock_2024,5,2029,C_mean,0
EBS_Pollock_2024,5,2029,C_sd,0
EBS_Pollock_2024,5,2030,C_lb,0
EBS_Pollock_2024,5,2030,C_ub,0
EBS_Pollock_2024,5,2030,C_median,0
EBS_Pollock_2024,5,2030,C_mean,0
EBS_Pollock_2024,5,2030,C_sd,0
EBS_Pollock_2024,5,2031,C_lb,0
EBS_Pollock_2024,5,2031,C_ub,0
EBS_Pollock_2024,5,2031,C_median,0
EBS_Pollock_2024,5,2031,C_mean,0
EBS_Pollock_2024,5,2031,C_sd,0
EBS_Pollock_2024,5,2032,C_lb,0
EBS_Pollock_2024,5,2032,C_ub,0
EBS_Pollock_2024,5,2032,C_median,0
EBS_Pollock_2024,5,2032,C_mean,0
EBS_Pollock_2024,5,2032,C_sd,0
EBS_Pollock_2024,5,2033,C_lb,0
EBS_Pollock_2024,5,2033,C_ub,0
EBS_Pollock_2024,5,2033,C_median,0
EBS_Pollock_2024,5,2033,C_mean,0
EBS_Pollock_2024,5,2033,C_sd,0
EBS_Pollock_2024,5,2034,C_lb,0
EBS_Pollock_2024,5,2034,C_ub,0
EBS_Pollock_2024,5,2034,C_median,0
EBS_Pollock_2024,5,2034,C_mean,0
EBS_Pollock_2024,5,2034,C_sd,0
EBS_Pollock_2024,5,2035,C_lb,0
EBS_Pollock_2024,5,2035,C_ub,0
EBS_Pollock_2024,5,2035,C_median,0
EBS_Pollock_2024,5,2035,C_mean,0
EBS_Pollock_2024,5,2035,C_sd,0
EBS_Pollock_2024,5,2036,C_lb,0
EBS_Pollock_2024,5,2036,C_ub,0
EBS_Pollock_2024,5,2036,C_median,0
EBS_Pollock_2024,5,2036,C_mean,0
EBS_Pollock_2024,5,2036,C_sd,0
EBS_Pollock_2024,5,2023,SSB_lb,2101.51
EBS_Pollock_2024,5,2023,SSB_ub,2101.51
EBS_Pollock_2024,5,2023,SSB_median,2101.51
EBS_Pollock_2024,5,2023,SSB_mean,2101.51
EBS_Pollock_2024,5,2024,SSB_lb,1833.04
EBS_Pollock_2024,5,2024,SSB_ub,1833.05
EBS_Pollock_2024,5,2024,SSB_median,1833.04
EBS_Pollock_2024,5,2024,SSB_mean,1833.04
EBS_Pollock_2024,5,2025,SSB_lb,1880.29
EBS_Pollock_2024,5,2025,SSB_ub,1898.66
EBS_Pollock_2024,5,2025,SSB_median,1883.22
EBS_Pollock_2024,5,2025,SSB_mean,1885.43
EBS_Pollock_2024,5,2026,SSB_lb,2274.54
EBS_Pollock_2024,5,2026,SSB_ub,3216.3
EBS_Pollock_2024,5,2026,SSB_median,2425.28
EBS_Pollock_2024,5,2026,SSB_mean,2539.21
EBS_Pollock_2024,5,2027,SSB_lb,2251
EBS_Pollock_2024,5,2027,SSB_ub,4993.94
EBS_Pollock_2024,5,2027,SSB_median,2830.85
EBS_Pollock_2024,5,2027,SSB_mean,3133.73
EBS_Pollock_2024,5,2028,SSB_lb,2293.15
EBS_Pollock_2024,5,2028,SSB_ub,6038.48
EBS_Pollock_2024,5,2028,SSB_median,3285.53
EBS_Pollock_2024,5,2028,SSB_mean,3633.69
EBS_Pollock_2024,5,2029,SSB_lb,2396.61
EBS_Pollock_2024,5,2029,SSB_ub,6834.25
EBS_Pollock_2024,5,2029,SSB_median,3707.69
EBS_Pollock_2024,5,2029,SSB_mean,4051.75
EBS_Pollock_2024,5,2030,SSB_lb,2455.98
EBS_Pollock_2024,5,2030,SSB_ub,7623.32
EBS_Pollock_2024,5,2030,SSB_median,4116.29
EBS_Pollock_2024,5,2030,SSB_mean,4409.74
EBS_Pollock_2024,5,2031,SSB_lb,2474.91
EBS_Pollock_2024,5,2031,SSB_ub,8087.24
EBS_Pollock_2024,5,2031,SSB_median,4382.29
EBS_Pollock_2024,5,2031,SSB_mean,4708.65
EBS_Pollock_2024,5,2032,SSB_lb,2553.83
EBS_Pollock_2024,5,2032,SSB_ub,8417.05
EBS_Pollock_2024,5,2032,SSB_median,4627.45
EBS_Pollock_2024,5,2032,SSB_mean,4915.71
EBS_Pollock_2024,5,2033,SSB_lb,2720.58
EBS_Pollock_2024,5,2033,SSB_ub,8489.79
EBS_Pollock_2024,5,2033,SSB_median,4777.62
EBS_Pollock_2024,5,2033,SSB_mean,5085.32
EBS_Pollock_2024,5,2034,SSB_lb,2822.2
EBS_Pollock_2024,5,2034,SSB_ub,8593.7
EBS_Pollock_2024,5,2034,SSB_median,4844.56
EBS_Pollock_2024,5,2034,SSB_mean,5194.05
EBS_Pollock_2024,5,2035,SSB_lb,2896.17
EBS_Pollock_2024,5,2035,SSB_ub,8782.75
EBS_Pollock_2024,5,2035,SSB_median,4935.84
EBS_Pollock_2024,5,2035,SSB_mean,5277.97
EBS_Pollock_2024,5,2036,SSB_lb,2940.01
EBS_Pollock_2024,5,2036,SSB_ub,8918.3
EBS_Pollock_2024,5,2036,SSB_median,5016.24
EBS_Pollock_2024,5,2036,SSB_mean,5353.65
EBS_Pollock_2024,5,2023,F_lb,0.500372
EBS_Pollock_2024,5,2023,F_ub,0.500372
EBS_Pollock_2024,5,2023,F_median,0.500372
EBS_Pollock_2024,5,2023,F_mean,0.500372
EBS_Pollock_2024,5,2024,F_lb,0.624243
EBS_Pollock_2024,5,2024,F_ub,0.62427
EBS_Pollock_2024,5,2024,F_median,0.624266
EBS_Pollock_2024,5,2024,F_mean,0.624263
EBS_Pollock_2024,5,2025,F_lb,0
EBS_Pollock_2024,5,2025,F_ub,0
EBS_Pollock_2024,5,2025,F_median,0
EBS_Pollock_2024,5,2025,F_mean,0
EBS_Pollock_2024,5,2026,F_lb,0
EBS_Pollock_2024,5,2026,F_ub,0
EBS_Pollock_2024,5,2026,F_median,0
EBS_Pollock_2024,5,2026,F_mean,0
EBS_Pollock_2024,5,2027,F_lb,0
EBS_Pollock_2024,5,2027,F_ub,0
EBS_Pollock_2024,5,2027,F_median,0
EBS_Pollock_2024,5,2027,F_mean,0
EBS_Pollock_2024,5,2028,F_lb,0
EBS_Pollock_2024,5,2028,F_ub,0
EBS_Pollock_2024,5,2028,F_median,0
EBS_Pollock_2024,5,2028,F_mean,0
EBS_Pollock_2024,5,2029,F_lb,0
EBS_Pollock_2024,5,2029,F_ub,0
EBS_Pollock_2024,5,2029,F_median,0
EBS_Pollock_2024,5,2029,F_mean,0
EBS_Pollock_2024,5,2030,F_lb,0
EBS_Pollock_2024,5,2030,F_ub,0
EBS_Pollock_2024,5,2030,F_median,0
EBS_Pollock_2024,5,2030,F_mean,0
EBS_Pollock_2024,5,2031,F_lb,0
EBS_Pollock_2024,5,2031,F_ub,0
EBS_Pollock_2024,5,2031,F_median,0
EBS_Pollock_2024,5,2031,F_mean,0
EBS_Pollock_2024,5,2032,F_lb,0
EBS_Pollock_2024,5,2032,F_ub,0
EBS_Pollock_2024,5,2032,F_median,0
EBS_Pollock_2024,5,2032,F_mean,0
EBS_Pollock_2024,5,2033,F_lb,0
EBS_Pollock_2024,5,2033,F_ub,0
EBS_Pollock_2024,5,2033,F_median,0
EBS_Pollock_2024,5,2033,F_mean,0
EBS_Pollock_2024,5,2034,F_lb,0
EBS_Pollock_2024,5,2034,F_ub,0
EBS_Pollock_2024,5,2034,F_median,0
EBS_Pollock_2024,5,2034,F_mean,0
EBS_Pollock_2024,5,2035,F_lb,0
EBS_Pollock_2024,5,2035,F_ub,0
EBS_Pollock_2024,5,2035,F_median,0
EBS_Pollock_2024,5,2035,F_mean,0
EBS_Pollock_2024,5,2036,F_lb,0
EBS_Pollock_2024,5,2036,F_ub,0
EBS_Pollock_2024,5,2036,F_median,0
EBS_Pollock_2024,5,2036,F_mean,0
EBS_Pollock_2024,6,2023,C_lb,1350
EBS_Pollock_2024,6,2023,C_ub,1350
EBS_Pollock_2024,6,2023,C_median,1350
EBS_Pollock_2024,6,2023,C_mean,1350
EBS_Pollock_2024,6,2023,C_sd,1.40972e-11
EBS_Pollock_2024,6,2024,C_lb,1309.04
EBS_Pollock_2024,6,2024,C_ub,1309.09
EBS_Pollock_2024,6,2024,C_median,1309.05
EBS_Pollock_2024,6,2024,C_mean,1309.06
EBS_Pollock_2024,6,2024,C_sd,0.0168055
EBS_Pollock_2024,6,2025,C_lb,1348.67
EBS_Pollock_2024,6,2025,C_ub,1375.06
EBS_Pollock_2024,6,2025,C_median,1352.86
EBS_Pollock_2024,6,2025,C_mean,1356.06
EBS_Pollock_2024,6,2025,C_sd,9.63842
EBS_Pollock_2024,6,2026,C_lb,1208.11
EBS_Pollock_2024,6,2026,C_ub,1707.38
EBS_Pollock_2024,6,2026,C_median,1313.79
EBS_Pollock_2024,6,2026,C_mean,1368.95
EBS_Pollock_2024,6,2026,C_sd,159.364
EBS_Pollock_2024,6,2027,C_lb,873.177
EBS_Pollock_2024,6,2027,C_ub,2767.66
EBS_Pollock_2024,6,2027,C_median,1327.52
EBS_Pollock_2024,6,2027,C_mean,1523.89
EBS_Pollock_2024,6,2027,C_sd,661.897
EBS_Pollock_2024,6,2028,C_lb,563.345
EBS_Pollock_2024,6,2028,C_ub,3663.47
EBS_Pollock_2024,6,2028,C_median,1291.54
EBS_Pollock_2024,6,2028,C_mean,1612.29
EBS_Pollock_2024,6,2028,C_sd,1085.74
EBS_Pollock_2024,6,2029,C_lb,558.444
EBS_Pollock_2024,6,2029,C_ub,3482.26
EBS_Pollock_2024,6,2029,C_median,1360
EBS_Pollock_2024,6,2029,C_mean,1652.71
EBS_Pollock_2024,6,2029,C_sd,1123.54
EBS_Pollock_2024,6,2030,C_lb,529.947
EBS_Pollock_2024,6,2030,C_ub,3751.85
EBS_Pollock_2024,6,2030,C_median,1407.41
EBS_Pollock_2024,6,2030,C_mean,1673.17
EBS_Pollock_2024,6,2030,C_sd,1054.55
EBS_Pollock_2024,6,2031,C_lb,522.125
EBS_Pollock_2024,6,2031,C_ub,3786.98
EBS_Pollock_2024,6,2031,C_median,1381.07
EBS_Pollock_2024,6,2031,C_mean,1698.82
EBS_Pollock_2024,6,2031,C_sd,1120.66
EBS_Pollock_2024,6,2032,C_lb,517.165
EBS_Pollock_2024,6,2032,C_ub,3920.25
EBS_Pollock_2024,6,2032,C_median,1351.61
EBS_Pollock_2024,6,2032,C_mean,1693.01
EBS_Pollock_2024,6,2032,C_sd,1177.4
EBS_Pollock_2024,6,2033,C_lb,518.632
EBS_Pollock_2024,6,2033,C_ub,3738.57
EBS_Pollock_2024,6,2033,C_median,1374.38
EBS_Pollock_2024,6,2033,C_mean,1663.4
EBS_Pollock_2024,6,2033,C_sd,1103.17
EBS_Pollock_2024,6,2034,C_lb,526.196
EBS_Pollock_2024,6,2034,C_ub,3765.44
EBS_Pollock_2024,6,2034,C_median,1392.62
EBS_Pollock_2024,6,2034,C_mean,1662.98
EBS_Pollock_2024,6,2034,C_sd,1068.21
EBS_Pollock_2024,6,2035,C_lb,531.256
EBS_Pollock_2024,6,2035,C_ub,3626.51
EBS_Pollock_2024,6,2035,C_median,1356.8
EBS_Pollock_2024,6,2035,C_mean,1623.74
EBS_Pollock_2024,6,2035,C_sd,1055.74
EBS_Pollock_2024,6,2036,C_lb,542.011
EBS_Pollock_2024,6,2036,C_ub,3791.5
EBS_Pollock_2024,6,2036,C_median,1324.57
EBS_Pollock_2024,6,2036,C_mean,1633.26
EBS_Pollock_2024,6,2036,C_sd,1108.89
EBS_Pollock_2024,6,2023,SSB_lb,2101.51
EBS_Pollock_2024,6,2023,SSB_ub,2101.51
EBS_Pollock_2024,6,2023,SSB_median,2101.51
EBS_Pollock_2024,6,2023,SSB_mean,2101.51
EBS_Pollock_2024,6,2024,SSB_lb,1839.44
EBS_Pollock_2024,6,2024,SSB_ub,1839.44
EBS_Pollock_2024,6,2024,SSB_median,1839.44
EBS_Pollock_2024,6,2024,SSB_mean,1839.44
EBS_Pollock_2024,6,2025,SSB_lb,1715.69
EBS_Pollock_2024,6,2025,SSB_ub,1732.3
EBS_Pollock_2024,6,2025,SSB_median,1718.34
EBS_Pollock_2024,6,2025,SSB_mean,1720.34
EBS_Pollock_2024,6,2026,SSB_lb,1622.04
EBS_Pollock_2024,6,2026,SSB_ub,2494.58
EBS_Pollock_2024,6,2026,SSB_median,1758.12
EBS_Pollock_2024,6,2026,SSB_mean,1864.35
EBS_Pollock_2024,6,2027,SSB_lb,1269.3
EBS_Pollock_2024,6,2027,SSB_ub,3640.14
EBS_Pollock_2024,6,2027,SSB_median,1758.16
EBS_Pollock_2024,6,2027,SSB_mean,2011.23
EBS_Pollock_2024,6,2028,SSB_lb,1155.91
EBS_Pollock_2024,6,2028,SSB_ub,3775.9
EBS_Pollock_2024,6,2028,SSB_median,1823.85
EBS_Pollock_2024,6,2028,SSB_mean,2082.22
EBS_Pollock_2024,6,2029,SSB_lb,1140.29
EBS_Pollock_2024,6,2029,SSB_ub,4002.8
EBS_Pollock_2024,6,2029,SSB_median,1850.36
EBS_Pollock_2024,6,2029,SSB_mean,2121.16
EBS_Pollock_2024,6,2030,SSB_lb,1101.96
EBS_Pollock_2024,6,2030,SSB_ub,4048.25
EBS_Pollock_2024,6,2030,SSB_median,1880.56
EBS_Pollock_2024,6,2030,SSB_mean,2146.44
EBS_Pollock_2024,6,2031,SSB_lb,1079.5
EBS_Pollock_2024,6,2031,SSB_ub,4215.08
EBS_Pollock_2024,6,2031,SSB_median,1847.85
EBS_Pollock_2024,6,2031,SSB_mean,2158.37
EBS_Pollock_2024,6,2032,SSB_lb,1089.89
EBS_Pollock_2024,6,2032,SSB_ub,3988.74
EBS_Pollock_2024,6,2032,SSB_median,1830.27
EBS_Pollock_2024,6,2032,SSB_mean,2129.34
EBS_Pollock_2024,6,2033,SSB_lb,1082.02
EBS_Pollock_2024,6,2033,SSB_ub,4054.5
EBS_Pollock_2024,6,2033,SSB_median,1854.6
EBS_Pollock_2024,6,2033,SSB_mean,2123.53
EBS_Pollock_2024,6,2034,SSB_lb,1100.33
EBS_Pollock_2024,6,2034,SSB_ub,4003.52
EBS_Pollock_2024,6,2034,SSB_median,1862.1
EBS_Pollock_2024,6,2034,SSB_mean,2097.57
EBS_Pollock_2024,6,2035,SSB_lb,1101.55
EBS_Pollock_2024,6,2035,SSB_ub,3935.32
EBS_Pollock_2024,6,2035,SSB_median,1809.01
EBS_Pollock_2024,6,2035,SSB_mean,2087.61
EBS_Pollock_2024,6,2036,SSB_lb,1091
EBS_Pollock_2024,6,2036,SSB_ub,4215.93
EBS_Pollock_2024,6,2036,SSB_median,1829.61
EBS_Pollock_2024,6,2036,SSB_mean,2102.43
EBS_Pollock_2024,6,2023,F_lb,0.500372
EBS_Pollock_2024,6,2023,F_ub,0.500372
EBS_Pollock_2024,6,2023,F_median,0.500372
EBS_Pollock_2024,6,2023,F_mean,0.500372
EBS_Pollock_2024,6,2024,F_lb,0.600827
EBS_Pollock_2024,6,2024,F_ub,0.600827
EBS_Pollock_2024,6,2024,F_median,0.600827
EBS_Pollock_2024,6,2024,F_mean,0.600827
EBS_Pollock_2024,6,2025,F_lb,0.557759
EBS_Pollock_2024,6,2025,F_ub,0.563539
EBS_Pollock_2024,6,2025,F_median,0.55868
EBS_Pollock_2024,6,2025,F_mean,0.559378
EBS_Pollock_2024,6,2026,F_lb,0.525169
EBS_Pollock_2024,6,2026,F_ub,0.736539
EBS_Pollock_2024,6,2026,F_median,0.572525
EBS_Pollock_2024,6,2026,F_mean,0.595511
EBS_Pollock_2024,6,2027,F_lb,0.402462
EBS_Pollock_2024,6,2027,F_ub,0.736539
EBS_Pollock_2024,6,2027,F_median,0.572537
EBS_Pollock_2024,6,2027,F_mean,0.581349
EBS_Pollock_2024,6,2028,F_lb,0.363086
EBS_Pollock_2024,6,2028,F_ub,0.736539
EBS_Pollock_2024,6,2028,F_median,0.59541
EBS_Pollock_2024,6,2028,F_mean,0.583982
EBS_Pollock_2024,6,2029,F_lb,0.357649
EBS_Pollock_2024,6,2029,F_ub,0.736539
EBS_Pollock_2024,6,2029,F_median,0.604651
EBS_Pollock_2024,6,2029,F_mean,0.590839
EBS_Pollock_2024,6,2030,F_lb,0.344313
EBS_Pollock_2024,6,2030,F_ub,0.736539
EBS_Pollock_2024,6,2030,F_median,0.615136
EBS_Pollock_2024,6,2030,F_mean,0.592347
EBS_Pollock_2024,6,2031,F_lb,0.336505
EBS_Pollock_2024,6,2031,F_ub,0.736539
EBS_Pollock_2024,6,2031,F_median,0.603757
EBS_Pollock_2024,6,2031,F_mean,0.585885
EBS_Pollock_2024,6,2032,F_lb,0.340133
EBS_Pollock_2024,6,2032,F_ub,0.736539
EBS_Pollock_2024,6,2032,F_median,0.59762
EBS_Pollock_2024,6,2032,F_mean,0.583282
EBS_Pollock_2024,6,2033,F_lb,0.337399
EBS_Pollock_2024,6,2033,F_ub,0.736539
EBS_Pollock_2024,6,2033,F_median,0.606083
EBS_Pollock_2024,6,2033,F_mean,0.585925
EBS_Pollock_2024,6,2034,F_lb,0.34373
EBS_Pollock_2024,6,2034,F_ub,0.736539
EBS_Pollock_2024,6,2034,F_median,0.608695
EBS_Pollock_2024,6,2034,F_mean,0.585146
EBS_Pollock_2024,6,2035,F_lb,0.344171
EBS_Pollock_2024,6,2035,F_ub,0.736539
EBS_Pollock_2024,6,2035,F_median,0.590221
EBS_Pollock_2024,6,2035,F_mean,0.580741
EBS_Pollock_2024,6,2036,F_lb,0.340507
EBS_Pollock_2024,6,2036,F_ub,0.736539
EBS_Pollock_2024,6,2036,F_median,0.597407
EBS_Pollock_2024,6,2036,F_mean,0.580846
EBS_Pollock_2024,7,2023,C_lb,1350
EBS_Pollock_2024,7,2023,C_ub,1350
EBS_Pollock_2024,7,2023,C_median,1350
EBS_Pollock_2024,7,2023,C_mean,1350
EBS_Pollock_2024,7,2023,C_sd,1.40972e-11
EBS_Pollock_2024,7,2024,C_lb,1066.64
EBS_Pollock_2024,7,2024,C_ub,1066.68
EBS_Pollock_2024,7,2024,C_median,1066.65
EBS_Pollock_2024,7,2024,C_mean,1066.65
EBS_Pollock_2024,7,2024,C_sd,0.0131207
EBS_Pollock_2024,7,2025,C_lb,1232.86
EBS_Pollock_2024,7,2025,C_ub,1255.38
EBS_Pollock_2024,7,2025,C_median,1236.44
EBS_Pollock_2024,7,2025,C_mean,1239.17
EBS_Pollock_2024,7,2025,C_sd,8.22328
EBS_Pollock_2024,7,2026,C_lb,1386.86
EBS_Pollock_2024,7,2026,C_ub,1849.4
EBS_Pollock_2024,7,2026,C_median,1497.86
EBS_Pollock_2024,7,2026,C_mean,1548.92
EBS_Pollock_2024,7,2026,C_sd,152.547
EBS_Pollock_2024,7,2027,C_lb,913.73
EBS_Pollock_2024,7,2027,C_ub,2818.98
EBS_Pollock_2024,7,2027,C_median,1372.18
EBS_Pollock_2024,7,2027,C_mean,1566.41
EBS_Pollock_2024,7,2027,C_sd,662.939
EBS_Pollock_2024,7,2028,C_lb,576.737
EBS_Pollock_2024,7,2028,C_ub,3675.77
EBS_Pollock_2024,7,2028,C_median,1306.58
EBS_Pollock_2024,7,2028,C_mean,1626.7
EBS_Pollock_2024,7,2028,C_sd,1087.66
EBS_Pollock_2024,7,2029,C_lb,567.194
EBS_Pollock_2024,7,2029,C_ub,3488.72
EBS_Pollock_2024,7,2029,C_median,1373
EBS_Pollock_2024,7,2029,C_mean,1659.7
EBS_Pollock_2024,7,2029,C_sd,1123.71
EBS_Pollock_2024,7,2030,C_lb,531.36
EBS_Pollock_2024,7,2030,C_ub,3756.05
EBS_Pollock_2024,7,2030,C_median,1407.27
EBS_Pollock_2024,7,2030,C_mean,1674.31
EBS_Pollock_2024,7,2030,C_sd,1054.56
EBS_Pollock_2024,7,2031,C_lb,521.087
EBS_Pollock_2024,7,2031,C_ub,3786.6
EBS_Pollock_2024,7,2031,C_median,1379.32
EBS_Pollock_2024,7,2031,C_mean,1697.9
EBS_Pollock_2024,7,2031,C_sd,1120.65
EBS_Pollock_2024,7,2032,C_lb,516.325
EBS_Pollock_2024,7,2032,C_ub,3920.14
EBS_Pollock_2024,7,2032,C_median,1351.12
EBS_Pollock_2024,7,2032,C_mean,1692.53
EBS_Pollock_2024,7,2032,C_sd,1177.4
EBS_Pollock_2024,7,2033,C_lb,518.432
EBS_Pollock_2024,7,2033,C_ub,3738.46
EBS_Pollock_2024,7,2033,C_median,1374.2
EBS_Pollock_2024,7,2033,C_mean,1663.24
EBS_Pollock_2024,7,2033,C_sd,1103.18
EBS_Pollock_2024,7,2034,C_lb,526.178
EBS_Pollock_2024,7,2034,C_ub,3765.39
EBS_Pollock_2024,7,2034,C_median,1392.59
EBS_Pollock_2024,7,2034,C_mean,1662.96
EBS_Pollock_2024,7,2034,C_sd,1068.21
EBS_Pollock_2024,7,2035,C_lb,531.287
EBS_Pollock_2024,7,2035,C_ub,3626.5
EBS_Pollock_2024,7,2035,C_median,1356.82
EBS_Pollock_2024,7,2035,C_mean,1623.75
EBS_Pollock_2024,7,2035,C_sd,1055.74
EBS_Pollock_2024,7,2036,C_lb,542.021
EBS_Pollock_2024,7,2036,C_ub,3791.5
EBS_Pollock_2024,7,2036,C_median,1324.56
EBS_Pollock_2024,7,2036,C_mean,1633.27
EBS_Pollock_2024,7,2036,C_sd,1108.89
EBS_Pollock_2024,7,2023,SSB_lb,2101.51
EBS_Pollock_2024,7,2023,SSB_ub,2101.51
EBS_Pollock_2024,7,2023,SSB_median,2101.51
EBS_Pollock_2024,7,2023,SSB_mean,2101.51
EBS_Pollock_2024,7,2024,SSB_lb,1875.97
EBS_Pollock_2024,7,2024,SSB_ub,1875.97
EBS_Pollock_2024,7,2024,SSB_median,1875.97
EBS_Pollock_2024,7,2024,SSB_mean,1875.97
EBS_Pollock_2024,7,2025,SSB_lb,1830.6
EBS_Pollock_2024,7,2025,SSB_ub,1847.46
EBS_Pollock_2024,7,2025,SSB_median,1833.29
EBS_Pollock_2024,7,2025,SSB_mean,1835.32
EBS_Pollock_2024,7,2026,SSB_lb,1718.56
EBS_Pollock_2024,7,2026,SSB_ub,2596.32
EBS_Pollock_2024,7,2026,SSB_median,1853.61
EBS_Pollock_2024,7,2026,SSB_mean,1960.43
EBS_Pollock_2024,7,2027,SSB_lb,1298.3
EBS_Pollock_2024,7,2027,SSB_ub,3666.9
EBS_Pollock_2024,7,2027,SSB_median,1783.61
EBS_Pollock_2024,7,2027,SSB_mean,2039.71
EBS_Pollock_2024,7,2028,SSB_lb,1166.35
EBS_Pollock_2024,7,2028,SSB_ub,3795.86
EBS_Pollock_2024,7,2028,SSB_median,1829.8
EBS_Pollock_2024,7,2028,SSB_mean,2091.85
EBS_Pollock_2024,7,2029,SSB_lb,1142.89
EBS_Pollock_2024,7,2029,SSB_ub,4010.53
EBS_Pollock_2024,7,2029,SSB_median,1850.76
EBS_Pollock_2024,7,2029,SSB_mean,2123.41
EBS_Pollock_2024,7,2030,SSB_lb,1100.88
EBS_Pollock_2024,7,2030,SSB_ub,4047.61
EBS_Pollock_2024,7,2030,SSB_median,1879.4
EBS_Pollock_2024,7,2030,SSB_mean,2145.88
EBS_Pollock_2024,7,2031,SSB_lb,1078.48
EBS_Pollock_2024,7,2031,SSB_ub,4215.77
EBS_Pollock_2024,7,2031,SSB_median,1846.98
EBS_Pollock_2024,7,2031,SSB_mean,2157.68
EBS_Pollock_2024,7,2032,SSB_lb,1089.62
EBS_Pollock_2024,7,2032,SSB_ub,3988.51
EBS_Pollock_2024,7,2032,SSB_median,1829.9
EBS_Pollock_2024,7,2032,SSB_mean,2129.08
EBS_Pollock_2024,7,2033,SSB_lb,1081.97
EBS_Pollock_2024,7,2033,SSB_ub,4054.38
EBS_Pollock_2024,7,2033,SSB_median,1854.55
EBS_Pollock_2024,7,2033,SSB_mean,2123.47
EBS_Pollock_2024,7,2034,SSB_lb,1100.32
EBS_Pollock_2024,7,2034,SSB_ub,4003.51
EBS_Pollock_2024,7,2034,SSB_median,1862.1
EBS_Pollock_2024,7,2034,SSB_mean,2097.57
EBS_Pollock_2024,7,2035,SSB_lb,1101.53
EBS_Pollock_2024,7,2035,SSB_ub,3935.32
EBS_Pollock_2024,7,2035,SSB_median,1809.02
EBS_Pollock_2024,7,2035,SSB_mean,2087.62
EBS_Pollock_2024,7,2036,SSB_lb,1091.01
EBS_Pollock_2024,7,2036,SSB_ub,4215.93
EBS_Pollock_2024,7,2036,SSB_median,1829.62
EBS_Pollock_2024,7,2036,SSB_mean,2102.44
EBS_Pollock_2024,7,2023,F_lb,0.500372
EBS_Pollock_2024,7,2023,F_ub,0.500372
EBS_Pollock_2024,7,2023,F_median,0.500372
EBS_Pollock_2024,7,2023,F_mean,0.500372
EBS_Pollock_2024,7,2024,F_lb,0.469086
EBS_Pollock_2024,7,2024,F_ub,0.469086
EBS_Pollock_2024,7,2024,F_median,0.469086
EBS_Pollock_2024,7,2024,F_mean,0.469086
EBS_Pollock_2024,7,2025,F_lb,0.456989
EBS_Pollock_2024,7,2025,F_ub,0.461474
EBS_Pollock_2024,7,2025,F_median,0.457704
EBS_Pollock_2024,7,2025,F_mean,0.458245
EBS_Pollock_2024,7,2026,F_lb,0.558757
EBS_Pollock_2024,7,2026,F_ub,0.736539
EBS_Pollock_2024,7,2026,F_median,0.605771
EBS_Pollock_2024,7,2026,F_mean,0.625125
EBS_Pollock_2024,7,2027,F_lb,0.412542
EBS_Pollock_2024,7,2027,F_ub,0.736539
EBS_Pollock_2024,7,2027,F_median,0.5814
EBS_Pollock_2024,7,2027,F_mean,0.588383
EBS_Pollock_2024,7,2028,F_lb,0.366716
EBS_Pollock_2024,7,2028,F_ub,0.736539
EBS_Pollock_2024,7,2028,F_median,0.597459
EBS_Pollock_2024,7,2028,F_mean,0.586094
EBS_Pollock_2024,7,2029,F_lb,0.358553
EBS_Pollock_2024,7,2029,F_ub,0.736539
EBS_Pollock_2024,7,2029,F_median,0.604792
EBS_Pollock_2024,7,2029,F_mean,0.591318
EBS_Pollock_2024,7,2030,F_lb,0.343939
EBS_Pollock_2024,7,2030,F_ub,0.736539
EBS_Pollock_2024,7,2030,F_median,0.614734
EBS_Pollock_2024,7,2030,F_mean,0.592203
EBS_Pollock_2024,7,2031,F_lb,0.336148
EBS_Pollock_2024,7,2031,F_ub,0.736539
EBS_Pollock_2024,7,2031,F_median,0.603454
EBS_Pollock_2024,7,2031,F_mean,0.585725
EBS_Pollock_2024,7,2032,F_lb,0.340039
EBS_Pollock_2024,7,2032,F_ub,0.736539
EBS_Pollock_2024,7,2032,F_median,0.597491
EBS_Pollock_2024,7,2032,F_mean,0.583222
EBS_Pollock_2024,7,2033,F_lb,0.337381
EBS_Pollock_2024,7,2033,F_ub,0.736539
EBS_Pollock_2024,7,2033,F_median,0.606064
EBS_Pollock_2024,7,2033,F_mean,0.585913
EBS_Pollock_2024,7,2034,F_lb,0.343724
EBS_Pollock_2024,7,2034,F_ub,0.736539
EBS_Pollock_2024,7,2034,F_median,0.608696
EBS_Pollock_2024,7,2034,F_mean,0.585147
EBS_Pollock_2024,7,2035,F_lb,0.344164
EBS_Pollock_2024,7,2035,F_ub,0.736539
EBS_Pollock_2024,7,2035,F_median,0.590223
EBS_Pollock_2024,7,2035,F_mean,0.580744
EBS_Pollock_2024,7,2036,F_lb,0.340509
EBS_Pollock_2024,7,2036,F_ub,0.736539
EBS_Pollock_2024,7,2036,F_median,0.597409
EBS_Pollock_2024,7,2036,F_mean,0.580847
